{"vus":100,"testRunDurationMs":11009.829275,"count":44098,"avg":11.29993317361328,"min":3.671562,"med":10.5660035,"max":159.62438,"p(90)":13.711497300000001,"p(95)":15.67844685,"p(99)":17.2169274,"p(99.99)":159.3850223999999}