{"vus":100,"testRunDurationMs":11009.829275,"count":45551,"avg":10.935705224627279,"min":8.313793,"med":10.393152,"max":58.557427,"p(90)":12.589871,"p(95)":15.4133255,"p(99)":17.01739,"p(99.99)":58.01882369999987}