{"vus":100,"testRunDurationMs":11005.699606,"count":62047,"avg":8.021357413412472,"min":3.004117,"med":6.358127,"max":181.218658,"p(90)":13.042073000000002,"p(95)":16.231653299999998,"p(99)":20.62507786000001,"p(99.99)":180.66090835279928}