{"vus":100,"testRunDurationMs":11005.699606,"count":72324,"avg":6.87706834074438,"min":4.42562,"med":6.3509825,"max":46.514004,"p(90)":8.765799700000002,"p(95)":11.604426649999997,"p(99)":13.23507003000001,"p(99.99)":44.303660470699405}