{"vus":100,"testRunDurationMs":11003.592408,"count":149094,"avg":3.3263189963647015,"min":0.129551,"med":3.2608,"max":23.945877,"p(90)":3.819315,"p(95)":4.093632500000004,"p(99)":8.7373146,"p(99.99)":23.104881554698594}