{"vus":100,"testRunDurationMs":11003.592408,"count":158121,"avg":3.1348667862459587,"min":1.504784,"med":2.971957,"max":10.540716,"p(90)":3.738764,"p(95)":3.871495,"p(99)":5.485591999999985,"p(99.99)":10.460787811999992}