{"name":"deno_docker","vus":100,"testRunDurationMs":2842.659661,"count":10000,"avg":28.107042171599936,"min":0.133651,"med":43.063353500000005,"max":174.645283,"p(90)":46.638616999999996,"p(95)":46.97923305,"p(99)":78.8814360400006,"p(99.99)":173.6690926287993,"data recived 1":87662,"failed":10000,"passes":0}