{"vus":100,"testRunDurationMs":1012.169563,"count":10000,"avg":10.023154546799958,"min":1.991269,"med":8.134865999999999,"max":152.408424,"p(90)":11.590692,"p(95)":13.2875119,"p(99)":38.37571939000508,"p(99.99)":152.08737310829977,"data recived 1":87690}