{"vus":100,"testRunDurationMs":11005.409074,"count":70291,"avg":7.081628557567845,"min":1.0935,"med":6.257496,"max":164.268823,"p(90)":10.469765,"p(95)":11.8316615,"p(99)":13.496470000000015,"p(99.99)":163.56439953299773}