{"vus":100,"testRunDurationMs":11005.409074,"count":73883,"avg":6.729122593167483,"min":3.593083,"med":6.222545,"max":69.275615,"p(90)":8.235795,"p(95)":11.432269999999995,"p(99)":13.042839019999997,"p(99.99)":68.43466128559969}