{"vus":"-","testRunDurationMs":824.661705,"count":10000,"avg":8.168279960099964,"min":4.657066,"med":7.401538,"max":29.766273,"p(90)":11.0606501,"p(95)":13.156978999999998,"p(99)":20.23986433000005,"p(99.99)":29.555123117099853,"data recived 1":87690,"failed":10000}