{"vus":100,"testRunDurationMs":21001.456067,"count":1059973,"avg":0.9156003257979145,"min":0.04041,"med":0.853497,"max":16.156734,"p(90)":1.063319,"p(95)":1.624848999999999,"p(99)":1.926355400000001,"p(99.99)":6.854455679151696}