{"vus":100,"testRunDurationMs":21001.456067,"count":1034528,"avg":0.9389929041398357,"min":0.04665,"med":0.875388,"max":11.691543,"p(90)":1.0905227000000004,"p(95)":1.655825,"p(99)":1.9584671999999992,"p(99.99)":7.416913729998587}