{"name":"node","vus":100,"testRunDurationMs":6287.749945,"count":100000,"avg":6.251889335769974,"min":4.038185,"med":5.779640499999999,"max":28.78207,"p(90)":8.347861,"p(95)":8.852551999999996,"p(99)":10.508172699999998,"p(99.99)":28.293206189199786,"data recived 1":87690,"failed":100000,"passes":0}