{"name":"deno_docker","vus":100,"testRunDurationMs":133629.525016,"count":10000000,"avg":1.3130908189690138,"min":0.09893,"med":1.308792,"max":149.072022,"p(90)":1.409412,"p(95)":1.439523,"p(99)":1.527413,"p(99.99)":4.565980024999957,"data recived 1":151,"failed":10000000,"passes":0}