{"name":"deno_docker","vus":100,"testRunDurationMs":2666.068751,"count":10000,"avg":26.39643696949993,"min":0.132951,"med":42.324631,"max":164.26711,"p(90)":46.5806419,"p(95)":46.7325835,"p(99)":67.59484419000299,"p(99.99)":164.19966574509994,"data recived 1":87662,"failed":10000,"passes":0}