{"vus":100,"testRunDurationMs":21001.85107,"count":692759,"avg":1.411867141643807,"min":0.148021,"med":1.344482,"max":138.308439,"p(90)":1.493903,"p(95)":1.5904549999999997,"p(99)":3.1516004000000093,"p(99.99)":113.91448879999945}