{"vus":100,"testRunDurationMs":21001.85107,"count":723797,"avg":1.3517713889501861,"min":0.135631,"med":1.321092,"max":37.595904,"p(90)":1.440323,"p(95)":1.488473,"p(99)":2.359437800000025,"p(99.99)":35.4361659683995}