{"vus":100,"testRunDurationMs":21001.431114,"count":784984,"avg":1.2430843717311344,"min":0.05145,"med":1.235131,"max":14.714477,"p(90)":1.353411,"p(95)":1.402532,"p(99)":1.7923664300000075,"p(99.99)":8.185251476999643}