{"vus":100,"testRunDurationMs":21001.431114,"count":784629,"avg":1.2456082590842352,"min":0.059131,"med":1.24156,"max":14.350033,"p(90)":1.356882,"p(95)":1.3988479999999996,"p(99)":1.5845599999999986,"p(99.99)":5.676794262799857}