{"vus":100,"testRunDurationMs":21001.153265,"count":775621,"avg":1.2583969777842816,"min":0.06255,"med":1.247801,"max":13.993417,"p(90)":1.381232,"p(95)":1.439213,"p(99)":1.7992640000000029,"p(99.99)":5.740461999999828}