{"vus":100,"testRunDurationMs":21001.153265,"count":784745,"avg":1.2452889256331618,"min":0.065131,"med":1.239171,"max":11.591855,"p(90)":1.359933,"p(95)":1.4016628,"p(99)":1.5522543999999945,"p(99.99)":5.132781349599722}