{"vus":100,"testRunDurationMs":11005.398416,"count":58461,"avg":8.507791333247814,"min":3.901765,"med":7.567928,"max":156.002008,"p(90)":11.695716,"p(95)":13.31126,"p(99)":15.341600600000001,"p(99.99)":155.2888554819985}