{"vus":100,"testRunDurationMs":11005.398416,"count":63190,"avg":7.8672318170913575,"min":2.962417,"med":7.295360499999999,"max":49.390965,"p(90)":10.4972549,"p(95)":12.658836999999998,"p(99)":14.93561539,"p(99.99)":48.492321040198625}