{"vus":100,"testRunDurationMs":11047.094781,"count":19495,"avg":25.66615026417031,"min":0.136141,"med":42.356443,"max":162.431686,"p(90)":46.633095,"p(95)":47.03739399999999,"p(99)":50.78625352000018,"p(99.99)":162.17172496579968}