{"vus":100,"testRunDurationMs":11047.094781,"count":20377,"avg":24.57645846626095,"min":0.138871,"med":41.967569,"max":57.089866,"p(90)":46.5622506,"p(95)":46.694808,"p(99)":49.487229400000025,"p(99.99)":57.043548922399864}