{"vus":100,"testRunDurationMs":21001.849787,"count":1005937,"avg":0.9628368003542622,"min":0.046071,"med":0.891617,"max":13.403916,"p(90)":1.15602,"p(95)":1.722818999999999,"p(99)":2.0780976399999997,"p(99.99)":10.375774031998874}