{"vus":100,"testRunDurationMs":21001.849787,"count":1008712,"avg":0.9619243170210775,"min":0.04557,"med":0.895728,"max":13.95652,"p(90)":1.1363881000000002,"p(95)":1.711405,"p(99)":2.01965789,"p(99.99)":6.771543950999832}