{"n":10000000,"vu":500,"time":119781.056921,"avg":5.951287147171398,"p95":6.442018}