{"vus":100,"testRunDurationMs":391333.988098,"count":10000000,"avg":3.889816273112389,"min":0.162942,"med":3.901753,"max":24.758659,"p(90)":4.474962,"p(95)":4.671144,"p(99)":5.590792099999998,"p(99.99)":8.378977257099564,"data recived 1":171}