{"name":"node","vus":"-","testRunDurationMs":827.916255,"count":10000,"avg":8.207031286800001,"min":4.433299,"med":7.648288,"max":30.581564,"p(90)":10.5259799,"p(95)":12.462190549999999,"p(99)":19.362007830000067,"p(99.99)":30.463194838099916,"data recived 1":87690,"failed":10000}