{"vus":100,"testRunDurationMs":187617.327796,"count":10000000,"avg":1.857504308074309,"min":0.063823,"med":1.740865,"max":21.20008,"p(90)":2.586162,"p(95)":2.762183,"p(99)":3.505092,"p(99.99)":5.989170008999984,"data recived 1":135}