{"vus":100,"testRunDurationMs":21001.802562,"count":668289,"avg":1.4625794236879497,"min":0.144312,"med":1.389133,"max":144.950809,"p(90)":1.569105,"p(95)":1.6746309999999998,"p(99)":3.1756370799999996,"p(99.99)":119.74089209919894}