{"vus":100,"testRunDurationMs":21001.802562,"count":688693,"avg":1.4199047446394968,"min":0.125502,"med":1.371863,"max":53.868211,"p(90)":1.544785,"p(95)":1.624705,"p(99)":2.669972199999996,"p(99.99)":51.708058003999994}