{"name":"node","vus":"-","testRunDurationMs":775.024721,"count":10000,"avg":7.675119645600015,"min":3.969654,"med":6.96127,"max":31.662503,"p(90)":9.879936000000002,"p(95)":11.8242475,"p(99)":18.17128544000084,"p(99.99)":31.360301223199787,"data recived 1":87690,"failed":10000,"passes":0}