{"vus":100,"testRunDurationMs":21003.986853,"count":365768,"avg":2.704842140165338,"min":0.157781,"med":2.601195,"max":163.16499,"p(90)":3.123362,"p(95)":3.7823734999999967,"p(99)":5.777727100000001,"p(99.99)":146.7714904492999}