{"vus":100,"testRunDurationMs":21001.698341,"count":807405,"avg":1.2039995348307413,"min":0.078981,"med":1.02459,"max":164.238158,"p(90)":1.935648,"p(95)":2.115145199999999,"p(99)":3.2361071999999975,"p(99.99)":70.0601563239984}