{"vus":100,"testRunDurationMs":21001.698341,"count":830535,"avg":1.1712625982975258,"min":0.091921,"med":1.021189,"max":40.548377,"p(90)":1.8965639999999997,"p(95)":2.08475,"p(99)":2.723625460000001,"p(99.99)":39.079433697190744}