{"vus":100,"testRunDurationMs":11040.890417,"count":11490,"avg":43.59942877641421,"min":0.203582,"med":43.337430999999995,"max":90.716419,"p(90)":46.684076999999995,"p(95)":46.836028,"p(99)":49.74002460000001,"p(99.99)":84.69897477104755}