{"vus":100,"testRunDurationMs":11040.890417,"count":11487,"avg":43.62153849760603,"min":0.171421,"med":43.326551,"max":60.973729,"p(90)":46.657957,"p(95)":46.7737987,"p(99)":49.531911859999994,"p(99.99)":60.953021767399974}