{"vus":"-","testRunDurationMs":573.811919,"count":10000,"avg":5.656348022000007,"min":0.415654,"med":4.0333145,"max":140.061322,"p(90)":6.5225609,"p(95)":7.757871549999999,"p(99)":58.69032521000113,"p(99.99)":139.6384802883997,"data recived 1":87620}