{"vus":"-","testRunDurationMs":202.290643,"count":1000,"avg":19.440771118000008,"min":3.117966,"med":9.968693,"max":162.483392,"p(90)":37.10383780000011,"p(95)":118.390678,"p(99)":161.24641269,"p(99.99)":162.48325913300002,"data recived 1":87666}