{"vus":"-","testRunDurationMs":337.985883,"count":10000,"avg":3.3053007025999905,"min":0.386904,"med":3.039425,"max":14.435732,"p(90)":4.521467,"p(95)":5.4021234499999915,"p(99)":7.64576891,"p(99.99)":14.192894286199827,"data recived 1":87620}