{"vus":"-","testRunDurationMs":213.074091,"count":1000,"avg":20.92149667699999,"min":1.162749,"med":5.474196,"max":168.089692,"p(90)":70.78705650000005,"p(95)":160.3191861,"p(99)":167.52261631000002,"p(99.99)":168.076731973,"data recived 1":87620}