{"vus":100,"testRunDurationMs":21001.691901,"count":994237,"avg":0.9740064637083291,"min":0.046041,"med":0.896578,"max":13.757508,"p(90)":1.1648304,"p(95)":1.7376787999999996,"p(99)":2.1307688400000004,"p(99.99)":9.36934629239945}