{"vus":100,"testRunDurationMs":21001.691901,"count":996635,"avg":0.9737533004861745,"min":0.04705,"med":0.906439,"max":9.487248,"p(90)":1.1494069999999996,"p(95)":1.720716,"p(99)":2.06406966,"p(99.99)":6.751951203999306}