{"name":"bun_docker","vus":"-","testRunDurationMs":526.037359,"count":10000,"avg":5.1878878228999925,"min":0.204962,"med":4.04116,"max":162.788598,"p(90)":5.884703000000002,"p(95)":7.162057999999997,"p(99)":37.418409980001165,"p(99.99)":162.2271091544996,"data recived 1":87620,"failed":10000,"passes":0}