{"vus":100,"testRunDurationMs":21001.407516,"count":872208,"avg":1.1159007604378863,"min":0.074521,"med":0.961248,"max":192.716282,"p(90)":1.774205,"p(95)":1.961288,"p(99)":2.9075766299999355,"p(99.99)":76.27504197299983}