{"vus":100,"testRunDurationMs":21001.407516,"count":905216,"avg":1.0750383598202433,"min":0.073371,"med":0.955998,"max":26.463355,"p(90)":1.683825,"p(95)":1.931137,"p(99)":2.274315149999998,"p(99.99)":23.206309049998918}