{"name":"deno_docker","vus":100,"testRunDurationMs":219392.799391,"count":1000000,"avg":21.889245814120756,"min":0.125381,"med":2.592508,"max":198.087891,"p(90)":46.464683,"p(95)":46.641905,"p(99)":46.94892849,"p(99.99)":87.02835447009441,"data recived 1":87662,"failed":1000000,"passes":0}