{"vus":100,"testRunDurationMs":11003.916573,"count":134808,"avg":3.6777746197110237,"min":1.232561,"med":3.6290875,"max":25.298358,"p(90)":4.095543,"p(95)":4.6793119999999995,"p(99)":7.126239769999999,"p(99.99)":24.705811587999484}