{"vus":100,"testRunDurationMs":11003.916573,"count":138864,"avg":3.569292115119755,"min":1.822697,"med":3.5867175,"max":11.079589,"p(90)":3.9980167,"p(95)":4.2413435,"p(99)":5.649727799999993,"p(99.99)":11.033217902699922}