{"vus":100,"testRunDurationMs":11007.537116,"count":111288,"avg":4.4479312990798885,"min":0.089851,"med":4.0270465,"max":192.716669,"p(90)":6.123195000000001,"p(95)":7.6484179999999995,"p(99)":9.781976800000004,"p(99.99)":192.11933489659896}