{"vus":100,"testRunDurationMs":11007.537116,"count":113781,"avg":4.353837716877189,"min":0.194942,"med":4.056186,"max":74.25913,"p(90)":5.839232,"p(95)":7.598909,"p(99)":9.894277799999996,"p(99.99)":73.5898068999998}