{"vus":100,"testRunDurationMs":11047.311435,"count":18741,"avg":26.715964812283136,"min":0.142402,"med":42.513693,"max":201.138275,"p(90)":46.59207,"p(95)":46.742421,"p(99)":53.209647999999994,"p(99.99)":199.9696724259959}