{"vus":100,"testRunDurationMs":11047.311435,"count":20451,"avg":24.502132510781944,"min":0.135322,"med":41.943428,"max":85.918566,"p(90)":46.53988,"p(95)":46.6781565,"p(99)":48.9798265,"p(99.99)":66.8207944549999}