{"vus":100,"testRunDurationMs":11046.498098,"count":11508,"avg":43.52128132142856,"min":0.197812,"med":43.315887000000004,"max":64.63232,"p(90)":46.6678077,"p(95)":46.8707395,"p(99)":50.75691083000003,"p(99.99)":64.27717950949702}