{"vus":100,"testRunDurationMs":11046.498098,"count":11437,"avg":43.88393014391875,"min":0.140171,"med":43.333913,"max":63.630581,"p(90)":46.69126,"p(95)":46.92354999999999,"p(99)":49.8419198,"p(99.99)":63.345480709598036}