{"vus":100,"testRunDurationMs":11010.777164,"count":58981,"avg":8.43758699493058,"min":3.879215,"med":7.376417,"max":178.592221,"p(90)":12.248971,"p(95)":13.568982,"p(99)":15.999573999999994,"p(99.99)":177.70481766}