{"vus":100,"testRunDurationMs":11010.777164,"count":62296,"avg":7.993978553229727,"min":4.873254,"med":7.3649165,"max":78.002474,"p(90)":10.036410499999999,"p(95)":12.917383749999999,"p(99)":14.690574000000002,"p(99.99)":77.54100215049957}