{"vus":100,"testRunDurationMs":11004.488183,"count":76189,"avg":6.528361794248527,"min":3.610333,"med":5.923522,"max":41.086717,"p(90)":9.978015199999998,"p(95)":11.518373399999994,"p(99)":13.189279399999995,"p(99.99)":39.820938187999445}