{"vus":100,"testRunDurationMs":11004.488183,"count":80403,"avg":6.183615565227706,"min":2.99973,"med":5.6662,"max":37.222553,"p(90)":7.600445800000002,"p(95)":11.113736999999999,"p(99)":12.386347779999998,"p(99.99)":37.01191140799981}