{"name":"deno","vus":100,"testRunDurationMs":4414.632129,"count":10000,"avg":43.75294879809978,"min":0.134862,"med":43.367253500000004,"max":98.48195,"p(90)":46.723518,"p(95)":47.4215405,"p(99)":52.96736841000005,"p(99.99)":98.467501445,"data recived 1":87662,"failed":10000}