{"name":"node","vus":"-","testRunDurationMs":830.415388,"count":10000,"avg":8.210917867799965,"min":4.573661,"med":7.528688,"max":27.616908,"p(90)":11.0480921,"p(95)":13.2813355,"p(99)":16.73754818000067,"p(99.99)":27.612308459999994,"data recived 1":87690,"failed":10000,"passes":0}