{"vus":"-","testRunDurationMs":42.618315,"count":1000,"avg":3.9366559480000034,"min":0.392754,"med":3.4230785,"max":11.946459,"p(90)":5.7006081,"p(95)":6.851659999999998,"p(99)":9.405273329999996,"p(99.99)":11.941744619099998,"data recived 1":87620}