{"vus":"-","testRunDurationMs":47.043723,"count":1000,"avg":4.283949363000008,"min":0.695595,"med":4.0433605,"max":18.324738,"p(90)":6.1856930000000006,"p(95)":7.2641895000000005,"p(99)":10.71103541,"p(99.99)":18.252289920599964,"data recived 1":87620}