{"vus":100,"testRunDurationMs":11041.651513,"count":18702,"avg":26.75323494802697,"min":0.140571,"med":42.757341,"max":194.155832,"p(90)":46.615879,"p(95)":46.81088105,"p(99)":52.48570810000001,"p(99.99)":191.7963274638999}