{"vus":100,"testRunDurationMs":11041.651513,"count":19715,"avg":25.381885240527424,"min":0.131111,"med":42.375972,"max":72.724295,"p(90)":46.5474826,"p(95)":46.6966623,"p(99)":50.83159960000001,"p(99.99)":72.13990593639913}