{"vus":100,"testRunDurationMs":21001.57798,"count":991095,"avg":0.9770932955034555,"min":0.044591,"med":0.902888,"max":14.400424,"p(90)":1.158241,"p(95)":1.7469296999999993,"p(99)":2.1431354599999946,"p(99.99)":7.125351879999645}