{"vus":100,"testRunDurationMs":21001.57798,"count":991487,"avg":0.9789720209342538,"min":0.046701,"med":0.909179,"max":16.392442,"p(90)":1.1470746000000003,"p(95)":1.7315369999999985,"p(99)":2.0663418000000005,"p(99.99)":6.358024821999983}