{"vus":100,"testRunDurationMs":274389.014479,"count":10000000,"avg":2.722287840402062,"min":0.094741,"med":2.49144,"max":14.28222,"p(90)":3.457709,"p(95)":3.678122399999991,"p(99)":5.148943,"p(99.99)":8.098498142999757,"data recived 1":87620}