{"name":"deno","vus":100,"testRunDurationMs":43850.35889,"count":100000,"avg":43.7459187418806,"min":0.130551,"med":43.3414645,"max":87.548347,"p(90)":46.6676049,"p(95)":46.759137,"p(99)":48.214992199999955,"p(99.99)":66.00037885570808,"data recived 1":87662,"failed":100000,"passes":0}