{"vus":100,"testRunDurationMs":21003.865002,"count":369368,"avg":2.6783425469640103,"min":0.108171,"med":2.5965825000000002,"max":136.477598,"p(90)":3.121287,"p(95)":3.7163414999999898,"p(99)":5.694948400000008,"p(99.99)":106.07611348099982}