{"vus":100,"testRunDurationMs":21003.865002,"count":376334,"avg":2.628230739611611,"min":0.170971,"med":2.5570174999999997,"max":46.897132,"p(90)":3.073614,"p(95)":3.5087474999999957,"p(99)":5.546911829999999,"p(99.99)":41.73522884499976}