{"vus":100,"testRunDurationMs":21001.164114,"count":672024,"avg":1.4556519707435855,"min":0.150641,"med":1.387202,"max":185.735951,"p(90)":1.518704,"p(95)":1.58410335,"p(99)":3.2022403700000015,"p(99.99)":86.1266678289941}