{"vus":100,"testRunDurationMs":21001.164114,"count":685423,"avg":1.4263217392369778,"min":0.112361,"med":1.389403,"max":35.686651,"p(90)":1.511934,"p(95)":1.5656230000000002,"p(99)":2.6429982000000107,"p(99.99)":33.294813399999924}