{"name":"node_docker","vus":100,"testRunDurationMs":604378.405155,"count":10000000,"avg":6.01825950671349,"min":0.352723,"med":5.929132,"max":188.775846,"p(90)":6.86384,"p(95)":7.369594,"p(99)":9.000778,"p(99.99)":11.546421209899643,"data recived 1":87690,"failed":10000000,"passes":0}