{"vus":"-","testRunDurationMs":183.426227,"count":1000,"avg":17.934096878000034,"min":1.123949,"med":5.651752,"max":138.836765,"p(90)":42.3215217000004,"p(95)":134.283841,"p(99)":137.88828821,"p(99.99)":138.8174561282,"data recived 1":87620}