{"vus":100,"testRunDurationMs":122715.792878,"count":10000000,"avg":1.205135368052254,"min":0.064711,"med":1.209945,"max":16.383787,"p(90)":1.295826,"p(95)":1.322276,"p(99)":1.390577,"p(99.99)":4.084588234099602,"data recived 1":151}