{"vus":100,"testRunDurationMs":21001.328561,"count":816706,"avg":1.191238483352648,"min":0.044131,"med":1.024859,"max":144.850342,"p(90)":1.903937,"p(95)":2.105139,"p(99)":3.2778439999999964,"p(99.99)":80.61380635398251}