{"vus":100,"testRunDurationMs":21001.328561,"count":837312,"avg":1.162076885942155,"min":0.085971,"med":1.025459,"max":43.084069,"p(90)":1.8591760000000004,"p(95)":2.0767634999999998,"p(99)":2.5351044100000006,"p(99.99)":40.62559018599277}