{"name":"node_docker","vus":100,"testRunDurationMs":212703.105967,"count":10000000,"avg":2.107303677170925,"min":0.109571,"med":1.940567,"max":134.998882,"p(90)":2.717413,"p(95)":2.932115,"p(99)":4.096305099999998,"p(99.99)":6.3344750170999715,"data recived 1":135,"failed":10000000,"passes":0}