{"vus":100,"testRunDurationMs":11005.705736,"count":115649,"avg":4.289252129685465,"min":0.210542,"med":3.710103,"max":177.449852,"p(90)":6.281552999999998,"p(95)":7.766157999999997,"p(99)":9.823842600000003,"p(99.99)":176.87813067519954}