{"vus":100,"testRunDurationMs":11005.705736,"count":120925,"avg":4.099584208881549,"min":0.159911,"med":3.714673,"max":58.387007,"p(90)":5.733217600000001,"p(95)":7.366266199999998,"p(99)":9.732265359999992,"p(99.99)":56.587212671598785}