{"name":"bun","vus":"-","testRunDurationMs":342.589654,"count":10000,"avg":3.3560117232999978,"min":0.759967,"med":2.933816,"max":15.963273,"p(90)":5.005224,"p(95)":5.9282615,"p(99)":8.361983700000003,"p(99.99)":15.674218908299794,"data recived 1":87620,"failed":10000,"passes":0}