{"vus":100,"testRunDurationMs":11002.764593,"count":138569,"avg":3.5770179253223993,"min":0.216502,"med":3.541583,"max":22.836795,"p(90)":3.999656,"p(95)":4.632447,"p(99)":7.665700200000004,"p(99.99)":22.321229911199417}