{"vus":100,"testRunDurationMs":11002.764593,"count":144995,"avg":3.418673339639343,"min":0.370013,"med":3.44341,"max":10.207562,"p(90)":3.874411,"p(95)":4.425858699999998,"p(99)":6.294847799999997,"p(99.99)":10.1527370346}