{"name":"bun_docker","vus":100,"testRunDurationMs":7917.448601,"count":100000,"avg":7.743669098869923,"min":0.167661,"med":6.51536,"max":166.613771,"p(90)":13.441606,"p(95)":16.68735204999999,"p(99)":25.10387988999998,"p(99.99)":165.87981333409908,"data recived 1":87620,"failed":100000,"passes":0}