{"name":"deno_docker","vus":100,"testRunDurationMs":21269.724013,"count":100000,"avg":21.198686512199803,"min":0.133031,"med":1.7284000000000002,"max":246.997706,"p(90)":46.370718000000004,"p(95)":46.637526,"p(99)":47.03815011,"p(99.99)":232.80877335969214,"data recived 1":87662,"failed":100000,"passes":0}