{"vus":100,"testRunDurationMs":37927.673242,"count":1000000,"avg":3.7661629627590036,"min":1.902823,"med":3.67853,"max":130.769495,"p(90)":4.109973,"p(95)":4.3405755,"p(99)":6.3411423,"p(99.99)":61.69043832123304,"data recived 1":171}