{"vus":100,"testRunDurationMs":134801.194104,"count":10000000,"avg":1.3244472316984357,"min":0.116336,"med":1.3193,"max":154.292865,"p(90)":1.421396,"p(95)":1.452539,"p(99)":1.5610680199999996,"p(99.99)":4.709061079899865,"data recived 1":151}