{"vus":100,"testRunDurationMs":11034.692058,"count":11385,"avg":44.028044161528236,"min":0.224832,"med":43.314841,"max":97.217057,"p(90)":46.695517,"p(95)":48.2803212,"p(99)":52.923921039999996,"p(99.99)":96.5760261071996}