{"vus":100,"testRunDurationMs":11034.692058,"count":11416,"avg":43.852470911352505,"min":0.208122,"med":43.3451515,"max":60.350545,"p(90)":46.7043515,"p(95)":46.9110005,"p(99)":49.72984185,"p(99.99)":60.31487528999988}