{"name":"bun","vus":100,"testRunDurationMs":6789.675327,"count":100000,"avg":6.638768490160004,"min":0.133832,"med":5.6651505,"max":44.732711,"p(90)":11.682808900000003,"p(95)":14.654919049999997,"p(99)":21.269232289999962,"p(99.99)":38.91722968109934,"data recived 1":87620,"failed":100000,"passes":0}