{"name":"node_docker","vus":100,"testRunDurationMs":21975.067443,"count":100000,"avg":21.859064955909982,"min":2.598526,"med":20.934313,"max":198.396133,"p(90)":28.2203179,"p(95)":30.967737049999975,"p(99)":37.886965499999995,"p(99.99)":194.69340949309958,"data recived 1":87690,"failed":100000,"passes":0}