{"name":"bun","vus":"-","testRunDurationMs":332.728355,"count":10000,"avg":3.248093396500008,"min":0.599615,"med":3.169002,"max":9.930296,"p(90)":4.3113220000000005,"p(95)":5.038039499999999,"p(99)":6.961768690000002,"p(99.99)":9.73539449209986,"data recived 1":87620,"failed":10000,"passes":0}