{"vus":100,"testRunDurationMs":11003.679919,"count":116352,"avg":4.25725457602801,"min":0.088041,"med":3.832284,"max":144.843907,"p(90)":6.095648900000001,"p(95)":7.6362795499999985,"p(99)":9.678002900000003,"p(99.99)":144.46140202699974}