{"vus":100,"testRunDurationMs":11003.679919,"count":116965,"avg":4.235663007771568,"min":0.201561,"med":3.909613,"max":62.736694,"p(90)":5.8072190000000035,"p(95)":7.516284999999999,"p(99)":9.44704164,"p(99.99)":61.59513687159901}