{"name":"node_docker","vus":100,"testRunDurationMs":62048.678344,"count":1000000,"avg":6.177790326912969,"min":2.092999,"med":5.889512,"max":182.965006,"p(90)":7.987310099999999,"p(95)":8.5925345,"p(99)":9.35105101,"p(99.99)":55.48957101189999,"data recived 1":87690,"failed":1000000,"passes":0}