{"vus":100,"testRunDurationMs":21002.44576,"count":408173,"avg":2.4203424342839854,"min":0.127111,"med":2.484463,"max":20.245779,"p(90)":2.9898659999999997,"p(95)":3.139096999999999,"p(99)":5.343253599999996,"p(99.99)":16.985817342796125}