{"vus":100,"testRunDurationMs":21002.44576,"count":409208,"avg":2.414788727260975,"min":0.202942,"med":2.491683,"max":12.242314,"p(90)":2.9815272999999998,"p(95)":3.1025392999999997,"p(99)":5.081579699999997,"p(99.99)":9.283220357999964}