{"n":10000000,"vu":500,"time":159358.835414,"avg":7.936748206273931,"p95":8.498506}