{"name":"node_docker","vus":"-","testRunDurationMs":896.206339,"count":10000,"avg":8.885354036200024,"min":1.998187,"med":7.073760999999999,"max":136.369212,"p(90)":10.450795000000001,"p(95)":11.950183999999998,"p(99)":40.27517971000127,"p(99.99)":136.30730719109994,"data recived 1":87690,"failed":10000,"passes":0}