{"n":10000000,"vu":500,"time":298363.740667,"avg":14.888175160481161,"p95":17.208434}