{"root_group":{"name":"","path":"","id":"d41d8cd98f00b204e9800998ecf8427e","groups":[],"checks":[]},"options":{"summaryTrendStats":["avg","min","med","max","p(90)","p(95)"],"summaryTimeUnit":"","noColor":false},"state":{"isStdOutTTY":true,"isStdErrTTY":true,"testRunDurationMs":298363.740667},"metrics":{"http_req_duration{expected_response:true}":{"type":"trend","contains":"time","values":{"p(95)":17.208434,"avg":14.888175160481161,"min":0.433563,"med":14.856763,"max":3893.615295,"p(90)":16.927361}},"http_req_duration":{"type":"trend","contains":"time","values":{"p(90)":16.927361,"p(95)":17.208434,"avg":14.888175160481161,"min":0.433563,"med":14.856763,"max":3893.615295}},"http_req_tls_handshaking":{"type":"trend","contains":"time","values":{"p(90)":0,"p(95)":0,"avg":0,"min":0,"med":0,"max":0}},"http_req_failed":{"type":"rate","contains":"default","values":{"rate":0,"passes":0,"fails":10000000}},"iterations":{"type":"counter","contains":"default","values":{"rate":33516.13697309444,"count":10000000}},"data_received":{"type":"counter","contains":"data","values":{"count":1350000000,"rate":4524678.49136775}},"http_req_receiving":{"type":"trend","contains":"time","values":{"avg":0.012515542186393981,"min":0.00524,"med":0.01126,"max":14.258448,"p(90)":0.016701,"p(95)":0.01811}},"iteration_duration":{"contains":"time","values":{"max":3924.230809,"p(90)":16.952842,"p(95)":17.234054,"avg":14.912955684445881,"min":0.457015,"med":14.880703},"type":"trend"},"http_req_waiting":{"type":"trend","contains":"time","values":{"p(95)":17.190424,"avg":14.87112951639854,"min":0.416323,"med":14.840552,"max":3893.585235,"p(90)":16.909631}},"http_reqs":{"type":"counter","contains":"default","values":{"count":10000000,"rate":33516.13697309444}},"http_req_connecting":{"type":"trend","contains":"time","values":{"avg":0.00009359406409999998,"min":0,"med":0,"max":40.401741,"p(90)":0,"p(95)":0}},"data_sent":{"type":"counter","contains":"data","values":{"count":800000000,"rate":2681290.957847555}},"vus_max":{"type":"gauge","contains":"default","values":{"value":500,"min":500,"max":500}},"http_req_blocked":{"type":"trend","contains":"time","values":{"med":0.00079,"max":46.264054,"p(90)":0.00126,"p(95)":0.00138,"avg":0.0011195791041822393,"min":0.00046}},"vus":{"contains":"default","values":{"value":500,"min":500,"max":500},"type":"gauge"},"http_req_sending":{"values":{"avg":0.0045301018982837156,"min":0.00226,"med":0.00386,"max":46.585537,"p(90)":0.00621,"p(95)":0.00666},"type":"trend","contains":"time"}}}