{"vus":100,"testRunDurationMs":11004.207143,"count":115150,"avg":4.302771775961733,"min":0.196071,"med":3.8747995,"max":177.24734,"p(90)":6.042759000000003,"p(95)":7.476588499999994,"p(99)":9.7507706,"p(99.99)":170.62085269399975}