{"vus":100,"testRunDurationMs":11004.207143,"count":121918,"avg":4.064430004265161,"min":0.187121,"med":3.6856785,"max":28.130774,"p(90)":5.742947000000001,"p(95)":7.333467999999999,"p(99)":9.493266700000003,"p(99.99)":27.478221194299657}