{"name":"deno_docker","vus":100,"testRunDurationMs":2936.295304,"count":10000,"avg":29.019132735600003,"min":0.136791,"med":43.063905,"max":236.946669,"p(90)":46.627938,"p(95)":46.822132499999995,"p(99)":105.08643330000001,"p(99.99)":236.75827684109987,"data recived 1":87662,"failed":10000}