{"vus":100,"testRunDurationMs":11003.838233,"count":103997,"avg":4.75978947283092,"min":0.274843,"med":4.36726,"max":138.014315,"p(90)":6.598081400000002,"p(95)":8.050433,"p(99)":10.146054399999997,"p(99.99)":137.24587644399998}