{"vus":100,"testRunDurationMs":11003.838233,"count":108918,"avg":4.545263050386568,"min":0.190202,"med":4.2567385,"max":46.210737,"p(90)":6.093813300000001,"p(95)":7.868694499999995,"p(99)":10.10932993,"p(99.99)":44.872405337495586}