{"vus":100,"testRunDurationMs":11003.298377,"count":139693,"avg":3.5485984936467956,"min":2.374462,"med":3.520342,"max":26.183326,"p(90)":3.9507258,"p(95)":4.280358,"p(99)":7.767004119999997,"p(99.99)":25.626225886798657}