{"vus":100,"testRunDurationMs":11003.298377,"count":145898,"avg":3.397364832410331,"min":0.163992,"med":3.421561,"max":10.313213,"p(90)":3.8560343,"p(95)":4.255831,"p(99)":5.6078418999999995,"p(99.99)":10.265435928699999}