{"vus":100,"testRunDurationMs":11005.0412,"count":69235,"avg":7.179250686401348,"min":0.762137,"med":6.315537,"max":160.825781,"p(90)":10.568198,"p(95)":11.9339013,"p(99)":13.644442860000009,"p(99.99)":157.578618868}