{"vus":100,"testRunDurationMs":11005.0412,"count":72532,"avg":6.85471290171237,"min":4.210188,"med":6.3203119999999995,"max":91.798868,"p(90)":8.095900100000001,"p(95)":11.6646185,"p(99)":13.014431690000004,"p(99.99)":91.25037923169937}