{"vus":100,"testRunDurationMs":11003.004017,"count":158951,"avg":3.109601571018716,"min":0.170061,"med":2.7949,"max":22.963872,"p(90)":3.885264,"p(95)":4.889257000000001,"p(99)":7.0912755,"p(99.99)":12.002455744999718}