{"vus":100,"testRunDurationMs":11003.004017,"count":160218,"avg":3.0854653019698257,"min":0.258181,"med":2.7474495,"max":15.345805,"p(90)":3.873454000000002,"p(95)":4.599558999999998,"p(99)":7.188179869999999,"p(99.99)":11.97023888969976}