{"vus":100,"testRunDurationMs":100617.318829,"count":1000000,"avg":10.026393859038956,"min":0.423233,"med":9.711538,"max":149.225404,"p(90)":11.5788712,"p(95)":12.14649545,"p(99)":12.89836902,"p(99.99)":61.01951255418206,"data recived 1":87666}