{"vus":100,"testRunDurationMs":11040.717785,"count":19930,"avg":25.101333102207672,"min":0.138292,"med":41.933946500000005,"max":197.734579,"p(90)":46.547382899999995,"p(95)":46.69067755,"p(99)":50.13080880999999,"p(99.99)":197.42539046819974}