{"vus":100,"testRunDurationMs":11040.717785,"count":19974,"avg":25.060585766696768,"min":0.137572,"med":42.178219,"max":65.664467,"p(90)":46.5566917,"p(95)":46.69484235,"p(99)":49.638841500000005,"p(99.99)":64.9737688518983}