{"vus":100,"testRunDurationMs":11004.380525,"count":120612,"avg":4.1060130495887135,"min":0.081841,"med":3.671973,"max":158.486932,"p(90)":5.892729,"p(95)":7.318844549999999,"p(99)":9.37953842,"p(99.99)":153.00930714789985}