{"vus":100,"testRunDurationMs":11004.380525,"count":123018,"avg":4.027982368263194,"min":0.166361,"med":3.692289,"max":48.782754,"p(90)":5.6309070000000006,"p(95)":7.087681349999996,"p(99)":9.1795556,"p(99.99)":48.23095360829926}