{"vus":100,"testRunDurationMs":4400.235761,"count":10000,"avg":43.64421028239991,"min":0.243723,"med":43.393547999999996,"max":81.452824,"p(90)":46.7117979,"p(95)":47.00882295,"p(99)":49.977263,"p(99.99)":81.43091619099998,"data recived 1":87662,"failed":10000}