{"vus":100,"testRunDurationMs":21001.027342,"count":798680,"avg":1.2235792913382084,"min":0.059011,"med":1.219131,"max":12.102578,"p(90)":1.326702,"p(95)":1.367772,"p(99)":1.6582884099999993,"p(99.99)":5.3684487859988295}