{"vus":100,"testRunDurationMs":21001.027342,"count":799184,"avg":1.2238019724631668,"min":0.074301,"med":1.222241,"max":10.692655,"p(90)":1.3229683000000005,"p(95)":1.356662,"p(99)":1.467723,"p(99.99)":4.608852111999815}