{"vus":100,"testRunDurationMs":21001.356218,"count":775775,"avg":1.2579016831710164,"min":0.060561,"med":1.245162,"max":12.87539,"p(90)":1.384193,"p(95)":1.441003,"p(99)":1.8087974000000002,"p(99.99)":5.897169709998763}