{"vus":100,"testRunDurationMs":21001.356218,"count":776010,"avg":1.259142423164682,"min":0.05851,"med":1.248311,"max":11.459247,"p(90)":1.379513,"p(95)":1.430513,"p(99)":1.6365532000000007,"p(99.99)":5.195693243999934}