{"vus":100,"testRunDurationMs":39580.897807,"count":1000000,"avg":3.9290894853088827,"min":0.08718,"med":3.752047,"max":126.59587,"p(90)":5.229228,"p(95)":6.202324449999999,"p(99)":8.077692160000002,"p(99.99)":28.030429000093584,"data recived 1":87620}