{"name":"bun","vus":"-","testRunDurationMs":105.064799,"count":10000,"avg":0.9996963060999986,"min":0.06576,"med":0.8820574999999999,"max":10.795232,"p(90)":1.5834810000000001,"p(95)":1.7940595499999998,"p(99)":2.6623650100000007,"p(99.99)":4.722258358095704,"data recived 1":128,"failed":10000,"passes":0}