{"name":"deno","vus":100,"testRunDurationMs":4408.86908,"count":10000,"avg":43.72834942309977,"min":0.179522,"med":43.363614999999996,"max":72.452467,"p(90)":46.704744,"p(95)":46.938838000000004,"p(99)":51.65527229,"p(99.99)":72.44896734999999,"data recived 1":87662,"failed":10000,"passes":0}