{"vus":"-","testRunDurationMs":685.058466,"count":10432,"avg":6.498697130559817,"min":3.275824,"med":4.2677320000000005,"max":175.952262,"p(90)":7.655964999999999,"p(95)":8.606758999999991,"p(99)":51.10749934000039,"p(99.99)":175.88766414899996,"data recived 1":171.01639187116564}