{"vus":100,"testRunDurationMs":4399.232661,"count":10000,"avg":43.65498305069992,"min":0.253643,"med":43.3581925,"max":93.631964,"p(90)":46.671699,"p(95)":46.811783,"p(99)":51.573407900000014,"p(99.99)":93.54684151309995,"data recived 1":87662}