{"vus":100,"testRunDurationMs":21001.601571,"count":676331,"avg":1.445778927034273,"min":0.122651,"med":1.376553,"max":147.288332,"p(90)":1.539395,"p(95)":1.6336005,"p(99)":3.1855219999999926,"p(99.99)":81.01211023999856}