{"n":10000000,"vu":500,"time":139353.322886,"avg":6.932476756550783,"p95":7.419537}