{"vus":100,"testRunDurationMs":2943.853116,"count":10000,"avg":29.14023014049986,"min":0.146021,"med":43.08562,"max":244.233449,"p(90)":46.674526,"p(95)":47.9419485,"p(99)":93.89995478000017,"p(99.99)":243.74305304449967,"data recived 1":87662}