{"name":"bun_docker","vus":100,"testRunDurationMs":106615.649563,"count":10000000,"avg":1.0423545600699335,"min":0.044541,"med":0.950039,"max":149.149472,"p(90)":1.232911,"p(95)":1.882596,"p(99)":2.11007801,"p(99.99)":4.682932120999794,"data recived 1":128,"failed":10000000,"passes":0}