{"name":"bun","vus":100,"testRunDurationMs":92912.121387,"count":10000000,"avg":0.9078900781231595,"min":0.036661,"med":0.863018,"max":14.98755,"p(90)":1.023299,"p(95)":1.500163,"p(99)":1.859747,"p(99.99)":4.354958579999015,"data recived 1":128,"failed":10000000,"passes":0}