{"vus":"-","testRunDurationMs":208.826817,"count":1000,"avg":20.460950836000006,"min":0.558774,"med":5.450184999999999,"max":165.945981,"p(90)":46.370072900000295,"p(95)":163.085301,"p(99)":165.39111541,"p(99.99)":165.94068320309998,"data recived 1":87620}