{"name":"bun_docker","vus":100,"testRunDurationMs":105880.96276,"count":10000000,"avg":1.0348316072299328,"min":0.068781,"med":0.942959,"max":137.993276,"p(90)":1.2236818999999968,"p(95)":1.868796,"p(99)":2.093848,"p(99.99)":4.431138002999995,"data recived 1":128,"failed":10000000,"passes":0}