{"vus":"-","testRunDurationMs":573.525757,"count":10000,"avg":5.653824341099989,"min":0.447154,"med":3.9568839999999996,"max":149.434293,"p(90)":6.6805710000000005,"p(95)":8.06055945,"p(99)":37.321221550000125,"p(99.99)":149.4307143579,"data recived 1":87620}