{"name":"node_docker","vus":100,"testRunDurationMs":1027.740423,"count":10000,"avg":10.183227942200034,"min":4.41292,"med":8.166093,"max":159.531967,"p(90)":12.2395981,"p(95)":13.747077999999993,"p(99)":69.31357990000271,"p(99.99)":159.45861433599995,"data recived 1":87690,"failed":10000}