{"vus":100,"testRunDurationMs":21001.601571,"count":690414,"avg":1.4160836345468353,"min":0.099541,"med":1.374563,"max":32.634224,"p(90)":1.5331413000000007,"p(95)":1.604565,"p(99)":2.6415992299999966,"p(99.99)":29.524358587999785}