{"vus":100,"testRunDurationMs":21002.308929,"count":682012,"avg":1.434082307336245,"min":0.0808,"med":1.371562,"max":161.020264,"p(90)":1.513413,"p(95)":1.5983784999999995,"p(99)":3.1213053000000066,"p(99.99)":123.14385134599584}