{"vus":100,"testRunDurationMs":21002.308929,"count":693375,"avg":1.4110387862209675,"min":0.132381,"med":1.369842,"max":35.694104,"p(90)":1.509873,"p(95)":1.574974,"p(99)":2.5834691400000014,"p(99.99)":32.861149529187756}