{"name":"bun","vus":100,"testRunDurationMs":29982.977496,"count":1000000,"avg":2.9726771064358863,"min":0.484624,"med":2.758945,"max":11.065489,"p(90)":3.6374321,"p(95)":3.876245499999999,"p(99)":6.082634700000001,"p(99.99)":8.399864360999809,"data recived 1":87620,"failed":1000000,"passes":0}