{"vus":"-","testRunDurationMs":45.836331,"count":1000,"avg":4.193191250000007,"min":1.25575,"med":3.3834530000000003,"max":16.085294,"p(90)":5.957492,"p(95)":8.521372549999997,"p(99)":12.092276409999998,"p(99.99)":16.076489813,"data recived 1":87620}