{"vus":"-","testRunDurationMs":588.987189,"count":10000,"avg":5.808906872700006,"min":0.419744,"med":4.08787,"max":169.854795,"p(90)":6.247616,"p(95)":7.398216499999995,"p(99)":59.83310213000007,"p(99.99)":169.73011646909993,"data recived 1":87620,"failed":10000}