{"vus":100,"testRunDurationMs":21002.330386,"count":363017,"avg":2.7231624889881356,"min":0.126881,"med":2.629895,"max":146.254301,"p(90)":3.1504836000000003,"p(95)":3.672950200000001,"p(99)":5.771338600000003,"p(99.99)":142.99938380239882}