{"vus":100,"testRunDurationMs":21002.330386,"count":369128,"avg":2.6788681888125487,"min":0.160601,"med":2.624195,"max":113.767938,"p(90)":3.085269,"p(95)":3.3381364999999974,"p(99)":5.591870469999999,"p(99.99)":89.26704223677464}