{"name":"deno","vus":100,"testRunDurationMs":42225.90874,"count":100000,"avg":42.093649350810665,"min":0.145632,"med":43.420795,"max":117.556952,"p(90)":47.300028600000005,"p(95)":50.0732022,"p(99)":58.58729239999998,"p(99.99)":105.45236010528734,"data recived 1":87662,"failed":100000,"passes":0}