{"name":"bun","vus":"-","testRunDurationMs":339.798029,"count":10000,"avg":3.324527081799998,"min":0.370272,"med":2.8542769999999997,"max":12.283022,"p(90)":5.248479000000001,"p(95)":5.89287755,"p(99)":7.801199110000005,"p(99.99)":12.23882542009997,"data recived 1":87620,"failed":10000,"passes":0}