{"vus":100,"testRunDurationMs":11009.32408,"count":67843,"avg":7.333447321271165,"min":3.533271,"med":6.494457,"max":148.672062,"p(90)":10.607218000000001,"p(95)":11.990156099999995,"p(99)":13.548552780000014,"p(99.99)":145.12411708399964}