{"vus":100,"testRunDurationMs":11009.32408,"count":71828,"avg":6.927867666425421,"min":4.739572,"med":6.3984615,"max":74.721309,"p(90)":8.265740000000003,"p(95)":11.673468999999999,"p(99)":13.091263669999998,"p(99.99)":73.92318871959918}