{"vus":"-","testRunDurationMs":96.540465,"count":1000,"avg":9.329195731999986,"min":4.130311,"med":7.2612144999999995,"max":25.509311,"p(90)":13.483425000000091,"p(95)":22.297261049999996,"p(99)":24.697254609999998,"p(99.99)":25.500237082999995,"data recived 1":171}