{"vus":100,"testRunDurationMs":21003.401864,"count":383713,"avg":2.578391810793492,"min":0.119911,"med":2.464662,"max":126.661564,"p(90)":3.071885,"p(95)":3.574067999999997,"p(99)":5.651136800000001,"p(99.99)":119.61520974879313}