{"vus":100,"testRunDurationMs":21003.401864,"count":388267,"avg":2.5480800437739943,"min":0.191731,"med":2.469812,"max":39.361589,"p(90)":3.0430064,"p(95)":3.3212027000000033,"p(99)":5.540023400000004,"p(99.99)":37.6889702939996}