{"vus":100,"testRunDurationMs":21001.369166,"count":822621,"avg":1.1809931778364149,"min":0.081321,"med":1.013169,"max":116.959682,"p(90)":1.908867,"p(95)":2.077248,"p(99)":3.1991110000000065,"p(99.99)":67.69747021999586}