{"vus":100,"testRunDurationMs":21001.369166,"count":839368,"avg":1.1575214303249506,"min":0.096461,"med":1.014869,"max":41.620404,"p(90)":1.889117,"p(95)":2.061899,"p(99)":2.5662530699999926,"p(99.99)":39.757810049299344}