{"vus":100,"testRunDurationMs":21002.071712,"count":461208,"avg":2.143897989661893,"min":0.522174,"med":1.7809504999999999,"max":20.458811,"p(90)":2.9653797,"p(95)":3.1047041499999994,"p(99)":4.7320106,"p(99.99)":17.805775315699396}