{"vus":100,"testRunDurationMs":21002.071712,"count":492244,"avg":2.00773695030512,"min":0.152271,"med":1.748166,"max":10.837426,"p(90)":2.886736,"p(95)":3.0387739999999996,"p(99)":3.5889390000000008,"p(99.99)":7.053683990299378}