{"vus":"-","testRunDurationMs":133.189088,"count":1000,"avg":12.717073753999994,"min":2.192818,"med":11.9311195,"max":22.688779,"p(90)":15.2247,"p(95)":17.5051955,"p(99)":21.50759059,"p(99.99)":22.688097682,"data recived 1":87666}