{"vus":100,"testRunDurationMs":4383.514137,"count":10000,"avg":43.47142931670005,"min":0.144082,"med":43.382818,"max":64.93811,"p(90)":46.7195561,"p(95)":47.0092095,"p(99)":51.42148179,"p(99.99)":62.636087225298375,"data recived 1":87662}