{"vus":100,"testRunDurationMs":30392.778091,"count":1000000,"avg":3.0120330820360453,"min":0.114792,"med":2.815319,"max":16.939773,"p(90)":3.671924,"p(95)":3.943848,"p(99)":6.20772701,"p(99.99)":8.997396172999908,"data recived 1":87620}