{"name":"deno_docker","vus":100,"testRunDurationMs":2716.103995,"count":10000,"avg":26.824163582700074,"min":0.130491,"med":42.59163100000001,"max":181.912548,"p(90)":46.651365,"p(95)":47.2506955,"p(99)":84.53203526000036,"p(99.99)":181.51148411039972,"data recived 1":87662,"failed":10000,"passes":0}