{"vus":100,"testRunDurationMs":11004.498577,"count":117740,"avg":4.208482611321566,"min":0.088571,"med":3.782018,"max":149.125937,"p(90)":6.0436371,"p(95)":7.62504895,"p(99)":9.7516022,"p(99.99)":148.80547495689993}