{"vus":100,"testRunDurationMs":11004.498577,"count":123546,"avg":4.010006197804887,"min":0.185532,"med":3.664662,"max":49.179895,"p(90)":5.646295,"p(95)":7.267644,"p(99)":9.502546000000004,"p(99.99)":48.56606856049949}