{"name":"node_docker","vus":100,"testRunDurationMs":7208.711148,"count":100000,"avg":7.173376158950077,"min":4.154696,"med":6.501426,"max":196.378208,"p(90)":9.143412900000003,"p(95)":9.710292499999998,"p(99)":11.49043111,"p(99.99)":191.55198986409962,"data recived 1":87690,"failed":100000,"passes":0}