{"vus":100,"testRunDurationMs":11005.972671,"count":143744,"avg":3.434484396649636,"min":0.232382,"med":3.3079095,"max":28.059373,"p(90)":4.307633999999999,"p(95)":5.551264000000001,"p(99)":7.5874718,"p(99.99)":17.55058100399936}