{"vus":100,"testRunDurationMs":11005.972671,"count":142572,"avg":3.4650674463569944,"min":0.153732,"med":3.3080350000000003,"max":15.359139,"p(90)":4.270563,"p(95)":5.586193549999997,"p(99)":8.602221810000003,"p(99.99)":12.593574675997909}