{"vus":100,"testRunDurationMs":11005.982482,"count":62498,"avg":7.962461119619906,"min":4.780683,"med":7.019133,"max":164.994418,"p(90)":11.2894827,"p(95)":12.696523149999997,"p(99)":15.094223399999999,"p(99.99)":163.7950305902997}