{"vus":100,"testRunDurationMs":11005.982482,"count":63532,"avg":7.832321142432234,"min":5.163717,"med":7.234185500000001,"max":57.717771,"p(90)":9.955746100000004,"p(95)":12.797056999999997,"p(99)":14.3407598,"p(99.99)":56.793603604798975}