{"name":"bun","vus":"-","testRunDurationMs":352.150679,"count":10000,"avg":3.4281007821000022,"min":0.338363,"med":2.9696615,"max":23.447769,"p(90)":4.8111971,"p(95)":6.0554050499999965,"p(99)":9.446159900000007,"p(99.99)":21.698128981498762,"data recived 1":87620,"failed":10000}