{"vus":"-","testRunDurationMs":224.630469,"count":1000,"avg":22.07049577900002,"min":5.248764,"med":7.79101,"max":151.648492,"p(90)":70.06040060000021,"p(95)":149.147359,"p(99)":151.038716,"p(99.99)":151.6406937061,"data recived 1":171}