{"vus":100,"testRunDurationMs":21004.188561,"count":366039,"avg":2.701918234341121,"min":0.182522,"med":2.572594,"max":117.262884,"p(90)":3.1173606,"p(95)":3.8653859999999995,"p(99)":5.787566419999999,"p(99.99)":105.6811780079983}