{"vus":100,"testRunDurationMs":21004.188561,"count":375134,"avg":2.636574350951966,"min":0.126221,"med":2.538118,"max":50.01482,"p(90)":3.059895,"p(95)":3.391957999999998,"p(99)":5.560370999999995,"p(99.99)":48.714900269999596}