{"vus":"-","testRunDurationMs":698.087505,"count":10000,"avg":6.916703310100026,"min":2.579835,"med":4.55638,"max":186.015565,"p(90)":8.047499100000001,"p(95)":8.962509949999998,"p(99)":54.07125502000006,"p(99.99)":185.95036152099996,"data recived 1":171}