{"vus":"-","testRunDurationMs":127.617388,"count":1000,"avg":12.087061113000003,"min":4.177731,"med":11.784228500000001,"max":23.103944,"p(90)":15.868863900000001,"p(95)":17.8434275,"p(99)":21.85933841,"p(99.99)":23.1028669781,"data recived 1":87666}