{"vus":"-","testRunDurationMs":99.055755,"count":1000,"avg":9.547940122999997,"min":4.175135,"med":7.6954139999999995,"max":25.657283,"p(90)":12.348536700000185,"p(95)":23.524357499999997,"p(99)":25.0866763,"p(99.99)":25.620495524299983,"data recived 1":171}