{"name":"deno_docker","vus":100,"testRunDurationMs":510997.052041,"count":2557319,"avg":19.93811224352496,"min":0.128801,"med":1.276561,"max":232.692247,"p(90)":46.2495028,"p(95)":46.623334,"p(99)":46.85702077999999,"p(99.99)":53.62218078579991,"data recived 1":87665.42769126574,"failed":2557319,"passes":0}