{"vus":100,"testRunDurationMs":11004.281023,"count":127332,"avg":3.895270405216258,"min":0.869598,"med":3.885765,"max":9.9464,"p(90)":4.0333051,"p(95)":4.13644545,"p(99)":5.245148800000001,"p(99.99)":9.210960553999797}