{"vus":100,"testRunDurationMs":11004.281023,"count":126855,"avg":3.9111004480154676,"min":0.851417,"med":3.889356,"max":11.078891,"p(90)":4.0139784,"p(95)":4.102940299999999,"p(99)":5.2420327199999965,"p(99.99)":10.858410527999888}