{"name":"deno","vus":"-","testRunDurationMs":147.032639,"count":10000,"avg":1.4126103295999948,"min":0.179131,"med":1.3234315,"max":7.063951,"p(90)":1.669658,"p(95)":1.8195270499999996,"p(99)":3.922405600000002,"p(99.99)":6.044193985899279,"data recived 1":151,"failed":10000,"passes":0}