{"name":"node","vus":"-","testRunDurationMs":862.525345,"count":10000,"avg":8.554160546799976,"min":4.663772,"med":7.973466,"max":31.993526,"p(90)":11.510114,"p(95)":13.50830799999999,"p(99)":17.883955430000583,"p(99.99)":31.877956558099918,"data recived 1":87690,"failed":10000,"passes":0}