{"vus":100,"testRunDurationMs":216526.836612,"count":10000000,"avg":2.1453993774953157,"min":0.09501,"med":1.961194,"max":172.495539,"p(90)":2.750890299999999,"p(95)":2.944119,"p(99)":4.206973109999997,"p(99.99)":6.3983740002,"data recived 1":135}