{"vus":100,"testRunDurationMs":382216.549515,"count":10000000,"avg":3.7966031796371156,"min":2.023486,"med":3.759858,"max":181.263802,"p(90)":4.118973,"p(95)":4.287144,"p(99)":4.7977890699999985,"p(99.99)":8.33190778299867,"data recived 1":171}