{"name":"bun_docker","vus":"-","testRunDurationMs":563.953905,"count":10000,"avg":5.5599791933000136,"min":0.335483,"med":3.8540945,"max":147.305738,"p(90)":6.788488000000001,"p(95)":7.967094449999999,"p(99)":50.133045920000036,"p(99.99)":147.15481109419989,"data recived 1":87620,"failed":10000}