{"vus":100,"testRunDurationMs":11005.083571,"count":77764,"avg":6.395114712180478,"min":4.266069,"med":5.7819275,"max":30.485346,"p(90)":9.961632999999999,"p(95)":11.506480649999995,"p(99)":12.820789329999991,"p(99.99)":29.441350034999623}