{"vus":100,"testRunDurationMs":11005.083571,"count":79246,"avg":6.2747704855765045,"min":4.37763,"med":5.791142,"max":42.760676,"p(90)":8.259159499999999,"p(95)":11.2167385,"p(99)":12.7325055,"p(99.99)":42.45762144999957}