{"vus":100,"testRunDurationMs":2617.182084,"count":10000,"avg":25.941938460999896,"min":0.131591,"med":42.2202965,"max":187.011005,"p(90)":46.6238941,"p(95)":46.851203999999996,"p(99)":71.06746305000478,"p(99.99)":186.25283282479947,"data recived 1":87662,"failed":10000}