{"vus":"-","testRunDurationMs":128.974273,"count":1000,"avg":12.169465798000015,"min":7.122649,"med":11.125768,"max":22.600258,"p(90)":17.2957569,"p(95)":18.818775449999997,"p(99)":21.562832189999998,"p(99.99)":22.595249013999997,"data recived 1":87666}