{"vus":"-","testRunDurationMs":260.052854,"count":1000,"avg":25.233678707000013,"min":9.544069,"med":12.418223000000001,"max":155.334912,"p(90)":70.11302710000005,"p(95)":143.38533755,"p(99)":153.18599791,"p(99.99)":155.3203774491,"data recived 1":87666}