{"vus":100,"testRunDurationMs":11009.48321,"count":48611,"avg":10.248014646129505,"min":4.340995,"med":9.881075,"max":25.2125,"p(90)":12.196434,"p(95)":13.0191015,"p(99)":15.326643100000009,"p(99.99)":24.334603598999585}