{"vus":100,"testRunDurationMs":11009.48321,"count":49749,"avg":10.01410769693868,"min":3.841714,"med":9.750365,"max":18.904088,"p(90)":11.2660108,"p(95)":12.840047400000001,"p(99)":15.141993679999997,"p(99.99)":17.580671659999524}