{"name":"bun_docker","vus":"-","testRunDurationMs":546.141335,"count":10000,"avg":5.369744968599997,"min":0.103521,"med":4.128532,"max":144.489823,"p(90)":6.4220989,"p(95)":7.643215949999999,"p(99)":38.758257700000236,"p(99.99)":144.4708239001,"data recived 1":87620,"failed":10000,"passes":0}