{"name":"bun_docker","vus":100,"testRunDurationMs":4349.073004,"count":100000,"avg":4.313024016480084,"min":0.206612,"med":3.974264,"max":179.752605,"p(90)":5.727696,"p(95)":6.711909499999997,"p(99)":8.722002709999991,"p(99.99)":178.95496824019705,"data recived 1":87620,"failed":100000,"passes":0}