{"vus":100,"testRunDurationMs":97351.799642,"count":1000000,"avg":9.702758886799383,"min":2.518833,"med":9.574275,"max":24.812148,"p(90)":10.861478,"p(95)":11.21030045,"p(99)":12.01864649,"p(99.99)":18.637984591999682,"data recived 1":87666}