{"vus":100,"testRunDurationMs":11006.388235,"count":61563,"avg":8.083321962022682,"min":5.078726,"med":7.085113,"max":160.581059,"p(90)":11.443231,"p(95)":13.283341999999994,"p(99)":15.236021,"p(99.99)":155.96784740359865}