{"vus":100,"testRunDurationMs":11006.388235,"count":63051,"avg":7.891270619276494,"min":5.096196,"med":7.336495,"max":57.386297,"p(90)":9.623736,"p(95)":12.811491,"p(99)":14.3399645,"p(99.99)":56.543629349999875}