{"vus":100,"testRunDurationMs":11003.208967,"count":141942,"avg":3.4926040745022435,"min":0.252673,"med":3.448941,"max":23.867786,"p(90)":3.902984,"p(95)":4.4460620499999965,"p(99)":8.82009249,"p(99.99)":23.319539243898546}