{"vus":100,"testRunDurationMs":11003.208967,"count":143273,"avg":3.4590345792089066,"min":0.624756,"med":3.466881,"max":11.10955,"p(90)":3.883685,"p(95)":4.200454,"p(99)":5.69854012,"p(99.99)":11.052259143999692}