{"vus":100,"testRunDurationMs":21001.182626,"count":1002305,"avg":0.965701297755672,"min":0.045511,"med":0.892518,"max":19.057943,"p(90)":1.158481,"p(95)":1.7167431999999994,"p(99)":2.0773186,"p(99.99)":10.324199929597565}