{"vus":100,"testRunDurationMs":21001.182626,"count":1008645,"avg":0.9614361053234874,"min":0.04517,"med":0.894638,"max":16.274398,"p(90)":1.13045,"p(95)":1.6989611999999987,"p(99)":2.0232040399999995,"p(99.99)":11.205295223996027}