{"vus":100,"testRunDurationMs":21002.254867,"count":769280,"avg":1.2681348491862567,"min":0.063921,"med":1.260012,"max":15.00622,"p(90)":1.3921221000000001,"p(95)":1.445223,"p(99)":1.7838219899999956,"p(99.99)":6.815133976085342}