{"vus":100,"testRunDurationMs":21002.118824,"count":425822,"avg":2.320102701945866,"min":0.305673,"med":2.1120345,"max":21.134182,"p(90)":2.983467,"p(95)":3.1335174999999995,"p(99)":5.060952089999998,"p(99.99)":17.982325017893988}