{"vus":100,"testRunDurationMs":21002.118824,"count":442760,"avg":2.2312597955528566,"min":0.143511,"med":1.9520125,"max":11.628236,"p(90)":2.9292179000000003,"p(95)":3.0696085,"p(99)":4.396818699999998,"p(99.99)":8.327302819998005}