{"vus":100,"testRunDurationMs":11003.829062,"count":109997,"avg":4.504625915688591,"min":0.224142,"med":4.128007,"max":133.07594,"p(90)":6.251724400000005,"p(95)":7.793279999999999,"p(99)":9.965477199999997,"p(99.99)":132.41602661199994}