{"vus":100,"testRunDurationMs":11003.829062,"count":113409,"avg":4.367617004488182,"min":0.251252,"med":4.112977,"max":34.123208,"p(90)":5.869850999999998,"p(95)":7.552695599999996,"p(99)":9.575800599999997,"p(99.99)":33.47698019199991}