{"vus":100,"testRunDurationMs":11044.54601,"count":19679,"avg":25.44176180878091,"min":0.138062,"med":42.222683,"max":164.107778,"p(90)":46.561709,"p(95)":46.715738,"p(99)":50.291052220000054,"p(99.99)":163.24765067939808}