{"vus":100,"testRunDurationMs":11044.54601,"count":20568,"avg":24.3658833699433,"min":0.138701,"med":41.8486595,"max":58.097112,"p(90)":46.532450999999995,"p(95)":46.6613885,"p(99)":49.16550199999991,"p(99.99)":57.974685536599694}