{"vus":100,"testRunDurationMs":21003.986853,"count":373839,"avg":2.645539864599472,"min":0.138011,"med":2.595805,"max":79.141517,"p(90)":3.0841682,"p(95)":3.314678999999998,"p(99)":5.621487619999999,"p(99.99)":41.07993293199999}