{"vus":100,"testRunDurationMs":11044.155716,"count":18987,"avg":26.33797494554172,"min":0.136731,"med":42.612634,"max":170.893262,"p(90)":46.580649,"p(95)":46.724089,"p(99)":50.088032739999996,"p(99.99)":170.36302779219986}