{"vus":100,"testRunDurationMs":11044.155716,"count":19824,"avg":25.270041298980907,"min":0.141721,"med":42.232281,"max":62.171341,"p(90)":46.558405,"p(95)":46.7054935,"p(99)":49.79496720000001,"p(99.99)":61.11657945259705}