{"vus":100,"testRunDurationMs":11003.224636,"count":154750,"avg":3.1914064517156557,"min":0.224962,"med":2.9209605,"max":13.750291,"p(90)":3.9734510000000003,"p(95)":5.114722499999999,"p(99)":7.245297100000007,"p(99.99)":12.373699241099981}