{"vus":100,"testRunDurationMs":11003.224636,"count":156818,"avg":3.1514160350661413,"min":0.123792,"med":2.91535,"max":18.618965,"p(90)":3.8987007000000005,"p(95)":4.5255849999999995,"p(99)":7.204627499999995,"p(99.99)":11.836225348699852}