{"name":"deno","vus":100,"testRunDurationMs":4431.008495,"count":10000,"avg":43.89992613910008,"min":0.123781,"med":43.3850975,"max":96.423322,"p(90)":46.71104,"p(95)":47.00420895,"p(99)":51.82659171000001,"p(99.99)":95.38404693789927,"data recived 1":87662,"failed":10000,"passes":0}