{"name":"node","vus":"-","testRunDurationMs":312.152962,"count":10000,"avg":3.0687465118999966,"min":0.248992,"med":2.2927549999999997,"max":21.427224,"p(90)":4.9578359999999995,"p(95)":5.837854999999997,"p(99)":12.388424310000023,"p(99.99)":21.35544017909995,"data recived 1":135,"failed":10000,"passes":0}