{"name":"deno","vus":100,"testRunDurationMs":123492.119076,"count":10000000,"avg":1.2130721087999303,"min":0.06731,"med":1.218911,"max":15.096493,"p(90)":1.306612,"p(95)":1.334072,"p(99)":1.408833,"p(99.99)":4.515050158999729,"data recived 1":151,"failed":10000000,"passes":0}