{"vus":100,"testRunDurationMs":21003.119024,"count":410424,"avg":2.40746867381293,"min":0.082451,"med":2.3235615000000003,"max":22.512859,"p(90)":2.989338,"p(95)":3.136769,"p(99)":5.4112754,"p(99.99)":19.215326654999394}