{"vus":100,"testRunDurationMs":21003.119024,"count":415074,"avg":2.380325833297157,"min":0.190342,"med":2.3770569999999998,"max":14.277143,"p(90)":2.9656777,"p(95)":3.089099,"p(99)":4.925873200000026,"p(99.99)":6.851742228699907}