{"vus":100,"testRunDurationMs":1054.245638,"count":10000,"avg":10.448919284500064,"min":5.06539,"med":8.210285500000001,"max":191.190486,"p(90)":11.7169091,"p(95)":13.489097499999996,"p(99)":56.31641890000598,"p(99.99)":191.183276721,"data recived 1":87690,"failed":10000}