{"n":10000000,"vu":500,"time":261036.926582,"avg":13.02348472804845,"p95":16.537178}