{"vus":100,"testRunDurationMs":93585.829015,"count":10000000,"avg":0.9144883181912938,"min":0.04296,"med":0.868915,"max":17.896592,"p(90)":1.031706,"p(95)":1.5183304999999887,"p(99)":1.87297,"p(99.99)":4.336185008999985,"data recived 1":128}