{"name":"bun","vus":100,"testRunDurationMs":3197.970861,"count":100000,"avg":3.1623032308499615,"min":0.172782,"med":3.015411,"max":10.781474,"p(90)":3.919458,"p(95)":4.912557499999999,"p(99)":6.496132299999997,"p(99.99)":9.502670300099187,"data recived 1":87620,"failed":100000,"passes":0}