{"name":"deno","vus":100,"testRunDurationMs":437633.571238,"count":1000000,"avg":43.698254269394276,"min":0.122741,"med":43.316736,"max":63.184191,"p(90)":46.644574,"p(95)":46.705385,"p(99)":46.937947910000005,"p(99.99)":53.36975534499982,"data recived 1":87662,"failed":1000000,"passes":0}