{"name":"node","vus":100,"testRunDurationMs":185170.542668,"count":10000000,"avg":1.8330899144189008,"min":0.163472,"med":1.735435,"max":22.407649,"p(90)":2.519972,"p(95)":2.740974,"p(99)":3.494041,"p(99.99)":5.847242067999884,"data recived 1":135,"failed":10000000,"passes":0}