{"name":"bun","vus":"-","testRunDurationMs":359.890402,"count":10000,"avg":3.5251987667000133,"min":0.107161,"med":3.2619230000000003,"max":19.318448,"p(90)":5.221771000000002,"p(95)":6.26904905,"p(99)":8.154660490000005,"p(99.99)":19.181679678199902,"data recived 1":87620,"failed":10000,"passes":0}