{"name":"node_docker","vus":"-","testRunDurationMs":462.79315,"count":10000,"avg":4.548506182099997,"min":0.260933,"med":2.8015295,"max":172.613617,"p(90)":5.0691049,"p(95)":5.756209999999997,"p(99)":47.17284060000178,"p(99.99)":172.59387797409997,"data recived 1":135,"failed":10000,"passes":0}