{"name":"node_docker","vus":100,"testRunDurationMs":1091.341692,"count":10000,"avg":10.82163000869993,"min":5.090386,"med":8.312419,"max":211.249989,"p(90)":12.138901,"p(95)":14.676611499999993,"p(99)":66.91581832001447,"p(99.99)":211.12779022109993,"data recived 1":87690,"failed":10000,"passes":0}