{"name":"node_docker","vus":100,"testRunDurationMs":214518.572066,"count":10000000,"avg":2.125288395494714,"min":0.075,"med":1.912837,"max":131.176116,"p(90)":2.724734,"p(95)":2.918775,"p(99)":4.24108601,"p(99.99)":6.365055153999738,"data recived 1":135,"failed":10000000,"passes":0}