{"vus":100,"testRunDurationMs":349456.990877,"count":10000000,"avg":3.471295615556788,"min":0.157641,"med":3.173725,"max":154.201134,"p(90)":4.402891,"p(95)":5.103651049999999,"p(99)":6.85482601,"p(99.99)":10.235734018999969,"data recived 1":87620}