{"vus":100,"testRunDurationMs":106670.531099,"count":10000000,"avg":1.0430620540379352,"min":0.059318,"med":0.951228,"max":150.475026,"p(90)":1.228241,"p(95)":1.882397,"p(99)":2.110918,"p(99.99)":4.6363512869995125,"data recived 1":128}