{"name":"bun_docker","vus":"-","testRunDurationMs":524.831439,"count":10000,"avg":5.176689021900012,"min":0.210162,"med":3.6042065,"max":140.914531,"p(90)":5.953592,"p(95)":7.290114999999999,"p(99)":43.790946310000045,"p(99.99)":140.80302115209992,"data recived 1":87620,"failed":10000,"passes":0}