{"name":"node","vus":"-","testRunDurationMs":719.216744,"count":10000,"avg":7.133182662600017,"min":4.263297,"med":6.240824,"max":29.611686,"p(90)":10.199914000000001,"p(95)":12.035874949999997,"p(99)":17.4017559500001,"p(99.99)":29.563360832999965,"data recived 1":87690,"failed":10000,"passes":0}