{"vus":100,"testRunDurationMs":11043.922254,"count":19742,"avg":25.36467842179105,"min":0.140371,"med":42.13718,"max":167.981445,"p(90)":46.550035900000005,"p(95)":46.69744905,"p(99)":50.4853286,"p(99.99)":164.80029475849125}