{"vus":100,"testRunDurationMs":11043.922254,"count":19737,"avg":25.373665368698454,"min":0.141771,"med":42.220451,"max":83.776256,"p(90)":46.531006000000005,"p(95)":46.6956438,"p(99)":50.1603214,"p(99.99)":83.25470466799949}