{"name":"node_docker","vus":100,"testRunDurationMs":1022.826894,"count":10000,"avg":10.153988179199995,"min":4.853762,"med":7.495604999999999,"max":206.612696,"p(90)":11.533348,"p(95)":13.52515605,"p(99)":95.93349261000105,"p(99.99)":206.52475479499992,"data recived 1":87690,"failed":10000,"passes":0}