{"vus":100,"testRunDurationMs":11004.031362,"count":153622,"avg":3.216995551483493,"min":0.195621,"med":3.019438,"max":16.250007,"p(90)":3.9498219999999997,"p(95)":5.016590499999998,"p(99)":7.361311300000001,"p(99.99)":12.392498606899942}