{"vus":100,"testRunDurationMs":11004.031362,"count":160685,"avg":3.0757740377011107,"min":0.098241,"med":2.782005,"max":16.602499,"p(90)":3.838238,"p(95)":4.360326999999988,"p(99)":7.017168400000002,"p(99.99)":12.434122460399841}