{"name":"deno","vus":100,"testRunDurationMs":4392.53257,"count":10000,"avg":43.642542882200004,"min":0.199972,"med":43.3836385,"max":65.854079,"p(90)":46.708743999999996,"p(95)":46.9286335,"p(99)":51.63885939,"p(99.99)":64.71444197509919,"data recived 1":87662,"failed":10000,"passes":0}