{"name":"deno_docker","vus":"-","testRunDurationMs":290.663547,"count":10000,"avg":2.84601719140002,"min":0.263612,"med":1.410202,"max":144.94126,"p(90)":2.034574,"p(95)":3.230353999999998,"p(99)":45.25993093000542,"p(99.99)":144.90535359099997,"data recived 1":151,"failed":10000,"passes":0}