{"vus":100,"testRunDurationMs":21001.982539,"count":406627,"avg":2.429853557070648,"min":0.123641,"med":2.442191,"max":30.107491,"p(90)":2.9928064,"p(95)":3.1388587,"p(99)":5.3036128,"p(99.99)":27.801903657997038}