{"vus":100,"testRunDurationMs":21001.982539,"count":417479,"avg":2.3664434476775984,"min":0.063051,"med":2.397981,"max":13.178124,"p(90)":2.933545,"p(95)":3.060277,"p(99)":5.018275779999997,"p(99.99)":9.424817519998836}