{"vus":"-","testRunDurationMs":96.387402,"count":1000,"avg":9.254772365999997,"min":4.541588,"med":7.3950665,"max":24.690895,"p(90)":13.025427500000124,"p(95)":22.097853499999996,"p(99)":24.15070811,"p(99.99)":24.690551443900002,"data recived 1":171}