{"vus":100,"testRunDurationMs":21002.254867,"count":775058,"avg":1.2605472209925166,"min":0.072141,"med":1.253042,"max":8.345738,"p(90)":1.384513,"p(95)":1.431963,"p(99)":1.5988622000000021,"p(99.99)":5.788943538999065}