{"name":"deno_docker","vus":100,"testRunDurationMs":2719.398164,"count":10000,"avg":26.898758805499902,"min":0.142431,"med":42.52391,"max":227.574336,"p(90)":46.6705809,"p(95)":47.73065749999998,"p(99)":103.14114382000002,"p(99.99)":227.49507292709995,"data recived 1":87662,"failed":10000,"passes":0}