{"name":"node","vus":100,"testRunDurationMs":179672.232156,"count":10000000,"avg":1.778264372266371,"min":0.187101,"med":1.673255,"max":21.751229,"p(90)":2.342,"p(95)":2.699784,"p(99)":3.383019,"p(99.99)":5.779850003099995,"data recived 1":135,"failed":10000000,"passes":0}