{"name":"node","vus":100,"testRunDurationMs":60156.010593,"count":1000000,"avg":5.989409395778962,"min":3.939645,"med":5.7064255,"max":27.827417,"p(90)":7.783733999999999,"p(95)":8.428455999999999,"p(99)":9.285552,"p(99.99)":16.933008259758164,"data recived 1":87690,"failed":1000000,"passes":0}