{"vus":"-","testRunDurationMs":830.28488,"count":10000,"avg":8.232696370100074,"min":4.504714,"med":7.396448,"max":31.3734,"p(90)":11.289240099999999,"p(95)":13.15215254999999,"p(99)":18.30554496000037,"p(99.99)":31.27022931809993,"data recived 1":87690}