{"name":"node_docker","vus":100,"testRunDurationMs":13579.698103,"count":182606,"avg":7.4035154659868185,"min":4.439169,"med":6.659923,"max":160.557419,"p(90)":9.400841499999999,"p(95)":10.2016705,"p(99)":17.089945500000034,"p(99.99)":154.38370208148746,"data recived 1":87690.06729242194,"failed":182606,"passes":0}