{"vus":"-","testRunDurationMs":235.206217,"count":1000,"avg":23.05184247899998,"min":5.324434,"med":8.161438,"max":159.114754,"p(90)":73.00401390000019,"p(95)":157.448567,"p(99)":158.89589341,"p(99.99)":159.1106210371,"data recived 1":171}