{"vus":100,"testRunDurationMs":11003.254374,"count":154091,"avg":3.207805542069342,"min":0.218092,"med":2.961267,"max":16.264738,"p(90)":3.991156,"p(95)":5.122242,"p(99)":7.346106900000002,"p(99.99)":13.476842140999715}