{"vus":100,"testRunDurationMs":11003.254374,"count":149689,"avg":3.3002026019079724,"min":0.148181,"med":3.115548,"max":19.444458,"p(90)":4.049299000000001,"p(95)":5.159751000000001,"p(99)":7.62433139999999,"p(99.99)":15.77104970399978}