{"name":"node_docker","vus":100,"testRunDurationMs":1054.603663,"count":10000,"avg":10.464573269399992,"min":5.177167,"med":8.228769,"max":188.651247,"p(90)":11.587204100000001,"p(95)":13.359749049999994,"p(99)":86.67948774000179,"p(99.99)":188.57129499599995,"data recived 1":87690,"failed":10000,"passes":0}