{"vus":100,"testRunDurationMs":11045.208933,"count":20037,"avg":24.97293542047223,"min":0.142701,"med":41.966889,"max":175.658456,"p(90)":46.6065804,"p(95)":46.788191,"p(99)":50.51498375999999,"p(99.99)":171.78449027319832}