{"vus":100,"testRunDurationMs":11045.208933,"count":19722,"avg":25.4139368531589,"min":0.140691,"med":42.315507,"max":63.799266,"p(90)":46.5706161,"p(95)":46.755421999999996,"p(99)":49.592880990000005,"p(99.99)":56.49458087819187}