{"vus":100,"testRunDurationMs":11005.144423,"count":76285,"avg":6.520341504489644,"min":3.951515,"med":5.831061,"max":28.067498,"p(90)":10.163476,"p(95)":11.834985000000001,"p(99)":13.71329436,"p(99.99)":27.24002129199999}