{"vus":100,"testRunDurationMs":11005.144423,"count":79727,"avg":6.236546105497497,"min":3.521541,"med":5.775912,"max":42.048491,"p(90)":7.562357000000001,"p(95)":11.154568999999997,"p(99)":12.554405740000005,"p(99.99)":41.64135712999973}