{"name":"deno_docker","vus":100,"testRunDurationMs":133034.74415,"count":10000000,"avg":1.3069511888211705,"min":0.103151,"med":1.301722,"max":169.815349,"p(90)":1.402062,"p(95)":1.433152,"p(99)":1.529313,"p(99.99)":4.664700191999674,"data recived 1":151,"failed":10000000,"passes":0}