{"n":10000000,"vu":500,"time":173342.709015,"avg":8.633846001050744,"p95":9.106632}