{"vus":100,"testRunDurationMs":21001.47337,"count":816443,"avg":1.1906580147224017,"min":0.06363,"med":1.01427,"max":180.35868,"p(90)":1.907078,"p(95)":2.083539,"p(99)":3.0810538,"p(99.99)":79.81278046379637}