{"vus":100,"testRunDurationMs":21001.47337,"count":833846,"avg":1.1663731014396133,"min":0.115591,"med":1.019319,"max":37.974384,"p(90)":1.887167,"p(95)":2.073119,"p(99)":2.580834,"p(99.99)":36.01741439999935}