{"vus":100,"testRunDurationMs":600008.000256,"count":6412337,"avg":9.325541263389495,"min":3.045356,"med":9.33912,"max":22.779096,"p(90)":9.761604,"p(95)":10.479071799999993,"p(99)":11.414683479999997,"p(99.99)":14.283344582397286,"data recived 1":87666}