{"name":"deno_docker","vus":100,"testRunDurationMs":28896.731075,"count":100000,"avg":28.757750214170116,"min":0.186742,"med":24.3981375,"max":315.939336,"p(90)":55.170271900000024,"p(95)":60.4104745,"p(99)":75.58132859999995,"p(99.99)":263.2811557753966,"data recived 1":87662,"failed":100000,"passes":0}