{"vus":"-","testRunDurationMs":512.95023,"count":10000,"avg":5.07172288619999,"min":2.847618,"med":4.158351,"max":24.733454,"p(90)":7.453254,"p(95)":8.265771099999998,"p(99)":13.744952160001235,"p(99.99)":24.72274507099999,"data recived 1":171}