{"name":"bun_docker","vus":100,"testRunDurationMs":38832.52217,"count":1000000,"avg":3.8562166463409513,"min":0.083841,"med":3.582362,"max":171.721957,"p(90)":5.1789909,"p(95)":6.055505499999998,"p(99)":7.860430790000001,"p(99.99)":48.635700381719644,"data recived 1":87620,"failed":1000000,"passes":0}