{"vus":100,"testRunDurationMs":11004.7449,"count":70158,"avg":7.090034044014976,"min":1.893307,"med":6.25512,"max":172.072448,"p(90)":10.308487000000007,"p(95)":11.9016865,"p(99)":13.386948499999983,"p(99.99)":171.1538985132998}