{"vus":100,"testRunDurationMs":11004.7449,"count":74182,"avg":6.702960936103146,"min":3.214828,"med":6.19906,"max":50.075362,"p(90)":8.585848000000011,"p(95)":11.559898449999999,"p(99)":12.79708349,"p(99.99)":49.57285778099976}