{"vus":100,"testRunDurationMs":2777.8461,"count":10000,"avg":27.52551063890006,"min":0.131221,"med":42.9362985,"max":157.597425,"p(90)":46.610923,"p(95)":46.88863755,"p(99)":73.95366098000018,"p(99.99)":157.26841490429976,"data recived 1":87662}