{"vus":"-","testRunDurationMs":163.093795,"count":1000,"avg":15.570125727000008,"min":0.260782,"med":3.0255725,"max":160.631077,"p(90)":31.152872700000025,"p(95)":116.44997595,"p(99)":159.2586033,"p(99.99)":160.6250918911,"data recived 1":87666}