{"vus":"-","testRunDurationMs":244.518416,"count":1000,"avg":23.952843847999944,"min":5.918615,"med":7.933835,"max":171.279887,"p(90)":75.89828570000029,"p(95)":165.43607805,"p(99)":167.2349082,"p(99.99)":171.2626720322,"data recived 1":171}