{"name":"bun_docker","vus":"-","testRunDurationMs":583.323358,"count":10000,"avg":5.753477093199993,"min":0.225142,"med":4.2918185,"max":137.175677,"p(90)":7.137269900000001,"p(95)":8.606089999999998,"p(99)":45.86737943000202,"p(99.99)":136.73287728439968,"data recived 1":87620,"failed":10000,"passes":0}