{"vus":100,"testRunDurationMs":11003.743291,"count":107449,"avg":4.614170071913202,"min":0.259842,"med":4.195158,"max":161.433637,"p(90)":6.335171199999999,"p(95)":8.042493,"p(99)":10.334895000000005,"p(99.99)":161.28469903199993}