{"vus":100,"testRunDurationMs":11003.743291,"count":111332,"avg":4.447725078692491,"min":0.213912,"med":4.164113,"max":49.583057,"p(90)":5.958619000000007,"p(95)":7.602304499999999,"p(99)":9.592500600000001,"p(99.99)":48.675282988999854}