{"vus":"-","testRunDurationMs":361.597857,"count":10000,"avg":3.538363431599991,"min":0.429094,"med":3.324563,"max":15.013538,"p(90)":5.059425900000001,"p(95)":6.207397449999998,"p(99)":8.0847865,"p(99.99)":14.025646798999302,"data recived 1":87620}