{"name":"deno","vus":100,"testRunDurationMs":4420.127984,"count":10000,"avg":43.95144136499976,"min":0.227142,"med":43.326481,"max":118.005493,"p(90)":46.675738,"p(95)":46.8166035,"p(99)":55.11867103000184,"p(99.99)":115.40639993529815,"data recived 1":87662,"failed":10000,"passes":0}