{"name":"deno","vus":100,"testRunDurationMs":123570.350652,"count":10000000,"avg":1.213838705893404,"min":0.105191,"med":1.217801,"max":13.682779,"p(90)":1.304731,"p(95)":1.331831,"p(99)":1.404582,"p(99.99)":4.119286053899908,"data recived 1":151,"failed":10000000,"passes":0}