name,vus,testRunDurationMs,count,avg,min,med,max,p(90),p(95),p(99),p(99.99),data recived 1,failed,passes
"node","-",312.152962,10000,3.0687465118999966,0.248992,2.2927549999999997,21.427224,4.9578359999999995,5.837854999999997,12.388424310000023,21.35544017909995,135,10000,0
"node_docker","-",462.79315,10000,4.548506182099997,0.260933,2.8015295,172.613617,5.0691049,5.756209999999997,47.17284060000178,172.59387797409997,135,10000,0
"deno","-",147.032639,10000,1.4126103295999948,0.179131,1.3234315,7.063951,1.669658,1.8195270499999996,3.922405600000002,6.044193985899279,151,10000,0
"deno_docker","-",290.663547,10000,2.84601719140002,0.263612,1.410202,144.94126,2.034574,3.230353999999998,45.25993093000542,144.90535359099997,151,10000,0
"bun","-",105.064799,10000,0.9996963060999986,0.06576,0.8820574999999999,10.795232,1.5834810000000001,1.7940595499999998,2.6623650100000007,4.722258358095704,128,10000,0
"bun_docker","-",272.423711,10000,2.672014807799994,0.183171,0.9924185,161.696924,1.9269071000000002,2.153764,66.82222010000001,161.17837086049963,128,10000,0