{"vus":100,"testRunDurationMs":600008.13019,"count":6127719,"avg":9.757408630152257,"min":1.809424,"med":9.622708,"max":146.311154,"p(90)":10.099421,"p(95)":11.280911899999996,"p(99)":12.496888740000003,"p(99.99)":26.031969090997848,"data recived 1":87666}