{"name":"bun_docker","vus":"-","testRunDurationMs":272.423711,"count":10000,"avg":2.672014807799994,"min":0.183171,"med":0.9924185,"max":161.696924,"p(90)":1.9269071000000002,"p(95)":2.153764,"p(99)":66.82222010000001,"p(99.99)":161.17837086049963,"data recived 1":128,"failed":10000,"passes":0}