{"name":"node","vus":100,"testRunDurationMs":17674.733645,"count":100000,"avg":17.572268585030116,"min":3.138551,"med":16.464159000000002,"max":56.034989,"p(90)":24.118553100000003,"p(95)":27.552776999999963,"p(99)":34.707409399999996,"p(99.99)":53.38001203609901,"data recived 1":87690,"failed":100000,"passes":0}