{"vus":"-","testRunDurationMs":357.741619,"count":10000,"avg":3.504275097300012,"min":0.530705,"med":3.083775,"max":14.769906,"p(90)":5.555514100000001,"p(95)":6.711813999999999,"p(99)":9.328492700000002,"p(99.99)":14.313997595399679,"data recived 1":87620,"failed":10000}