{"vus":100,"testRunDurationMs":36022.881916,"count":1000000,"avg":3.5774637690708966,"min":2.287701,"med":3.519461,"max":25.941788,"p(90)":3.948035,"p(95)":4.296168049999999,"p(99)":6.1326941,"p(99.99)":13.181413900701223,"data recived 1":171}