{"name":"bun","vus":100,"testRunDurationMs":92760.411836,"count":10000000,"avg":0.9063497130622784,"min":0.0414,"med":0.860958,"max":13.628479,"p(90)":1.022119,"p(95)":1.506273,"p(99)":1.855507089999998,"p(99.99)":4.452950265899549,"data recived 1":128,"failed":10000000,"passes":0}